triplet_rank	model_key	family	global_triplet_score	triplet_score_std	mean_dataset_rank	dataset_count	global_best_layer_index	global_best_layer	global_layer_triplet	layer_dataset_count	max_layer_index	dataset_wins	coverage_frac	headline_eligible	global_best_layer_fraction
1	internvit_6b_v25	InternViT	0.9863355425874417	0.017592396022674237	4.25	4	41	hidden_state_041	0.8631255838031895	4	46	2	1.0	True	0.8913043478260869
2	clip_vit_l14	CLIP	0.9691533327966023	0.02167948013091197	6.25	4	19	hidden_state_019	0.9192105119634746	4	27	0	1.0	True	0.7037037037037037
3	clip_vit_l14_336	CLIP	0.9683036529739659	0.04115440000313436	6.5	4	20	hidden_state_020	0.9250065576410152	4	27	0	1.0	True	0.7407407407407407
4	internvit_300m_v25	InternViT	0.9529296639977285	0.030595265252876393	7.375	4	5	hidden_state_005	0.8403009892298862	4	25	0	1.0	True	0.2
5	dinov2_base	DINOv2	0.9447870433133271	0.03908273733297871	8.25	4	5	hidden_state_005	0.8822300697490609	4	13	0	1.0	True	0.38461538461538464
6	dinov2_large	DINOv2	0.9427159757986254	0.011078814999821067	9.75	4	16	hidden_state_016	0.9111506733809985	4	25	0	1.0	True	0.64
7	siglip_so400m	SigLIP	0.9375569735642661	0.07050593099628821	10.5	4	12	hidden_state_012	0.9129015418896914	4	29	1	1.0	True	0.41379310344827586
8	dinov2_giant	DINOv2	0.9295736407936347	0.0402539304700128	10.75	4	20	hidden_state_020	0.8836503509095427	4	41	0	1.0	True	0.4878048780487805
9	dinov2_small	DINOv2	0.9272010949312681	0.039081878591025965	12.0	4	3	hidden_state_003	0.8062107785975912	4	13	0	1.0	True	0.23076923076923078
10	internvit_300m	InternViT	0.9022231918008278	0.0629763806540998	14.875	4	6	hidden_state_006	0.8072430118920548	4	25	0	1.0	True	0.24
11	dinov3_vith16plus	DINOv3	0.8800249276928098	0.10538108137905294	14.0	4	18	block_018	0.6238386699112922	4	32	0	1.0	True	0.5625
12	siglip_large	SigLIP	0.8676632333195688	0.10732208323359128	20.25	4	11	hidden_state_011	0.8296835624395636	4	26	0	1.0	True	0.4230769230769231
13	fastvithd_15b	FastViTHD	0.8605689695024243	0.07836559068213592	18.5	4	38	block_038	0.7007007153239302	4	45	0	1.0	True	0.8444444444444444
14	clip_vit_b16	CLIP	0.8600366751764503	0.10773069306442129	21.0	4	9	hidden_state_009	0.7412466313636171	4	15	0	1.0	True	0.6
15	fastvithd_05b	FastViTHD	0.853195410776693	0.08882050615327454	19.5	4	35	block_035	0.6812615299777257	4	45	0	1.0	True	0.7777777777777778
16	vit_small	ViT	0.8408551423592445	0.07062598431277763	22.75	4	3	block_003	0.7235362392989254	4	12	0	1.0	True	0.25
17	vit_tiny	ViT	0.8369929515098157	0.07234365053044906	22.5	4	5	block_005	0.7935377585939725	4	12	0	1.0	True	0.4166666666666667
18	clip_vit_b32	CLIP	0.8312283954945761	0.14178340568355827	25.25	4	8	hidden_state_008	0.6765202256694205	4	15	0	1.0	True	0.5333333333333333
19	dinov3_vitl16	DINOv3	0.8273120986961765	0.12422515234893246	20.5	4	12	block_012	0.5706491675042268	4	24	0	1.0	True	0.5
20	vit_mae_large	MAE	0.8271141791348415	0.08190653009434996	23.125	4	4	hidden_state_004	0.7591439053760537	4	25	0	1.0	True	0.16
21	siglip_base	SigLIP	0.8265987658649464	0.10248723121457731	24.0	4	1	hidden_state_001	0.7028521842788024	4	14	0	1.0	True	0.07142857142857142
22	ijepa_vith14	I-JEPA	0.8152702786932504	0.10666822905648815	21.5	4	22	hidden_state_022	0.5549754315706914	4	33	0	1.0	True	0.6666666666666666
23	fastvithd_7b	FastViTHD	0.8147809444907591	0.09903796078896712	26.75	4	35	block_035	0.6535475972197333	4	45	0	1.0	True	0.7777777777777778
24	fastvit_sa24	FastViT	0.7994561919280849	0.0850633153792905	27.5	4	2	feature_map_002	0.6934853623929893	4	3	0	1.0	True	0.6666666666666666
25	fastvit_ma36	FastViT	0.7891714085120345	0.0793025206596958	29.0	4	1	feature_map_001	0.6004403358551034	4	3	0	1.0	True	0.3333333333333333
26	vit_mae_huge	MAE	0.7853650550019435	0.13270618651220542	27.25	4	11	hidden_state_011	0.6872408866103792	4	33	1	1.0	True	0.3333333333333333
27	dinov3_vitb16	DINOv3	0.7839950923740046	0.05797293587282425	27.0	4	0	block_000	0.6235575354004403	4	12	0	1.0	True	0.0
28	dino_vitb8	DINO	0.7489488296233966	0.12034502060564128	32.25	4	5	hidden_state_005	0.6850244905167421	4	13	0	1.0	True	0.38461538461538464
29	dinov3_vits16plus	DINOv3	0.7447874328761597	0.10661624494115661	34.0	4	0	block_000	0.5634975513811734	4	12	0	1.0	True	0.0
30	vit_huge	ViT	0.7330473076446945	0.1225623320828512	34.0	4	17	hidden_state_017	0.6912857391435332	4	33	0	1.0	True	0.5151515151515151
31	dino_vits8	DINO	0.7324483547895885	0.12448054634588569	34.75	4	6	hidden_state_006	0.6935923839600534	4	13	0	1.0	True	0.46153846153846156
32	dinov3_vits16	DINOv3	0.7239848858277907	0.09216470790826385	36.75	4	0	block_000	0.5752289114489054	4	12	0	1.0	True	0.0
33	resnext101_32x8d	ResNeXt	0.721113483115914	0.12598046396854942	36.25	4	2	feature_map_002	0.5487114776464518	4	4	0	1.0	True	0.5
34	dino_vits16	DINO	0.706361387917146	0.16781235953322074	37.5	4	6	hidden_state_006	0.6779885529125882	4	13	0	1.0	True	0.46153846153846156
35	vgg19_bn	VGG	0.6955663854023015	0.08810806846285879	39.25	4	1	feature_map_001	0.5265827937888102	4	5	0	1.0	True	0.2
36	vgg16	VGG	0.6837613330320714	0.0794752398919152	41.75	4	1	feature_map_001	0.5425808407804762	4	5	0	1.0	True	0.2
37	swinv2_large	SwinV2	0.6820494208066374	0.13778757501993646	42.875	4	3	hidden_state_003	0.503039022941788	4	5	0	1.0	True	0.6
38	vit_mae_base	MAE	0.681930171295106	0.12359750568615398	43.0	4	3	hidden_state_003	0.6031927054792445	4	13	0	1.0	True	0.23076923076923078
39	vgg16_bn	VGG	0.6730181640163408	0.10173055405227233	43.125	4	1	feature_map_001	0.5019835240892669	4	5	0	1.0	True	0.2
40	dino_vitb16	DINO	0.6691898434909678	0.19985836451341793	41.5	4	6	hidden_state_006	0.604239980227522	4	13	0	1.0	True	0.46153846153846156
41	vgg19	VGG	0.6566082625411097	0.0587951658672113	45.0	4	1	feature_map_001	0.5026656918938901	4	5	0	1.0	True	0.2
42	vgg13	VGG	0.6560134217381255	0.08261428578360544	45.625	4	1	feature_map_001	0.5021847982194381	4	5	0	1.0	True	0.2
43	vit_large	ViT	0.6556587031366734	0.14487254636773206	43.5	4	8	hidden_state_008	0.5524168694557634	4	25	0	1.0	True	0.32
44	resnet18	ResNet	0.6404665101489775	0.12197813135787582	44.0	4	0	hidden_state_000	0.5318334515007259	4	5	0	1.0	True	0.0
45	vgg13_bn	VGG	0.6394183697055165	0.14334379574409586	47.5	4	1	feature_map_001	0.42029804153778627	4	5	0	1.0	True	0.2
46	fastvit_sa12	FastViT	0.636300568502027	0.08604233924129717	47.125	4	2	feature_map_002	0.5670720067939757	4	3	0	1.0	True	0.6666666666666666
47	swinv2_small	SwinV2	0.6272047092086594	0.09329321787508939	48.375	4	2	hidden_state_002	0.42734144576289823	4	5	0	1.0	True	0.4
48	swin_base	Swin	0.6262438957668371	0.14329215227537784	47.875	4	3	hidden_state_003	0.4119888827424531	4	5	0	1.0	True	0.6
49	vit_base	ViT	0.6261153400320827	0.10967343537378135	49.5	4	3	hidden_state_003	0.5460105086738329	4	13	0	1.0	True	0.23076923076923078
50	resnet34	ResNet	0.6219254835556871	0.10934989052432863	47.875	4	0	hidden_state_000	0.4974515015915806	4	5	0	1.0	True	0.0
51	resnet50	ResNet	0.6211744929839733	0.09098892132049968	47.5	4	2	hidden_state_002	0.5366257236129615	4	5	0	1.0	True	0.4
52	swin_small	Swin	0.6132545723855356	0.09280424747765646	50.0	4	1	hidden_state_001	0.4040263266562264	4	5	0	1.0	True	0.2
53	resnext50_32x4d	ResNeXt	0.6046201286249904	0.10033957859885034	50.0	4	2	feature_map_002	0.49090089434969414	4	4	0	1.0	True	0.5
54	vgg11	VGG	0.6007328326152391	0.11467529083888563	52.0	4	1	feature_map_001	0.5257314907877046	4	5	0	1.0	True	0.2
55	swin_large	Swin	0.5903188441930466	0.09202085880765287	53.0	4	1	hidden_state_001	0.38111191620763174	4	5	0	1.0	True	0.2
56	resnet101	ResNet	0.5696380355298618	0.11852300284637617	53.0	4	2	hidden_state_002	0.49824999718649066	4	5	0	1.0	True	0.4
57	swin_tiny	Swin	0.5684184874400614	0.12068394733054844	53.25	4	3	hidden_state_003	0.4902045507864408	4	5	0	1.0	True	0.6
58	swinv2_tiny	SwinV2	0.5629204573294516	0.1207218279613485	56.25	4	1	hidden_state_001	0.43427663809006867	4	5	0	1.0	True	0.2
59	convnext_small	ConvNeXt	0.5601822634639407	0.049683343586565995	56.5	4	1	hidden_state_001	0.480393519059578	4	5	0	1.0	True	0.2
60	swinv2_base	SwinV2	0.5565327089939669	0.11258239324528149	57.0	4	2	hidden_state_002	0.4178590535700837	4	5	0	1.0	True	0.4
61	resnet152	ResNet	0.541728888507983	0.09724277254319943	57.25	4	2	hidden_state_002	0.4938710945243914	4	5	0	1.0	True	0.4
62	convnext_tiny	ConvNeXt	0.5381341974702656	0.1686371575940211	55.0	4	2	hidden_state_002	0.384390953139054	4	5	0	1.0	True	0.4
63	fastvit_t12	FastViT	0.5322166298313367	0.06284768894239275	58.75	4	0	feature_map_000	0.41975081396989633	4	3	0	1.0	True	0.0
64	convnext_base	ConvNeXt	0.5300957848435819	0.12647884239102947	57.75	4	1	hidden_state_001	0.3790018924096712	4	5	0	1.0	True	0.2
65	fastvit_sa36	FastViT	0.5184119297990462	0.14369259592714034	56.75	4	0	feature_map_000	0.4835441084681437	4	3	0	1.0	True	0.0
66	vgg11_bn	VGG	0.515287960517374	0.1572079205048249	58.75	4	0	feature_map_000	0.45782170747986606	4	5	0	1.0	True	0.0
67	fastvit_s12	FastViT	0.5029592707730052	0.12604788577294398	59.5	4	1	feature_map_001	0.4573374592365781	4	3	0	1.0	True	0.3333333333333333
68	convnext_large	ConvNeXt	0.4744609099668352	0.11927499193213471	62.75	4	2	hidden_state_002	0.4196285345252225	4	5	0	1.0	True	0.4
69	siglip2_large	SigLIP2	0.44180980936526365	0.2527257831085886	57.5	4	1	pooler_output	0.43975876105168116	4	2	0	1.0	True	0.5
70	siglip2_so400m	SigLIP2	0.41710990260063485	0.2517902701411611	58.5	4	1	pooler_output	0.41710990260063485	4	2	0	1.0	True	0.5
71	fastvit_t8	FastViT	0.4118325165499277	0.16925891393680315	66.75	4	1	feature_map_001	0.374685752648378	4	3	0	1.0	True	0.3333333333333333
72	siglip2_base_naflex	SigLIP2	0.3876651205350689	0.23496057718013888	60.5	4	1	pooler_output	0.3876651205350689	4	2	0	1.0	True	0.5
73	siglip2_base	SigLIP2	0.37962346155144694	0.15887065319554505	66.75	4	1	pooler_output	0.3423627505213649	4	2	0	1.0	True	0.5
74	dinov3_vit7b16	DINOv3	0.8561227590398056	0.03896806692111503	19.666666666666668	3	40	canonical_embedding	0.6391674263141902	3	40	0	0.75	False	1.0
75	siglip2_so400m_naflex	SigLIP2	0.31358249772105745	0.22993525432172818	65.0	3	1	pooler_output	0.31358249772105745	3	2	0	0.75	False	0.5
